Andrew Abbott*,CIN,abbotan01
Bryan Abreu,HOU,abreubr01
Jason Adam,TOT,adamja01
Jason Adam,TBR,adamja01
Jason Adam,SDP,adamja01
Austin Adams,OAK,adamsau02
Ty Adcock,NYM,adcocty01
Joan Adon,WSN,adonjo01
Keegan Akin*,BAL,akinke01
Jorge Alcalá,MIN,alcaljo01
Scott Alexander*,OAK,alexasc02
Tyler Alexander*,TBR,alexaty01
Kolby Allard*,PHI,allarko01
Logan Allen*,ARI,allenlo01
Logan Allen*,CLE,allenlo02
Yency Almonte,CHC,almonye01
Dan Altavilla,KCR,altavda01
José Alvarado*,PHI,alvarjo03
Adbert Alzolay,CHC,alzolad01
Chase Anderson,BOS,anderch01
Grant Anderson,TEX,andergr01
Justin Anderson,CHW,anderju01
Nick Anderson,KCR,anderni01
Shaun Anderson,TOT,andersh01
Shaun Anderson,TEX,andersh01
Shaun Anderson,MIA,andersh01
Tyler Anderson*,LAA,anderty01
Clayton Andrews*,NYY,andrecl02
Matt Andriese,MIA,andrima01
Tejay Antone,CIN,antonte01
Shawn Armstrong,TOT,armstsh01
Shawn Armstrong,TBR,armstsh01
Shawn Armstrong,STL,armstsh01
Spencer Arrighetti,HOU,arrigsp01
Aaron Ashby*,MIL,ashbyaa01
Graham Ashcraft,CIN,ashcrgr01
Javier Assad,CHC,assadja01
Nick Avila,SFG,avilani01
Pedro Avila,TOT,avilape01
Pedro Avila,SDP,avilape01
Pedro Avila,CLE,avilape01
Bryan Baker,BAL,bakerbr01
Anthony Banda*,LAD,bandaan01
Tanner Banks*,TOT,banksta01
Tanner Banks*,CHW,banksta01
Tanner Banks*,PHI,banksta01
Scott Barlow,CLE,barlosc01
Jacob Barnes,WSN,barneja01
Matt Barnes,WSN,barnema01
Tucker Barnhart,ARI,barnhtu01
Chris Bassitt,TOR,bassich01
Brady Basso*,OAK,bassobr01
Jake Bauers*,MIL,bauerja01
Mike Baumann,TOT,baumami01
Mike Baumann,TOT,baumami01
Mike Baumann,BAL,baumami01
Mike Baumann,SEA,baumami01
Mike Baumann,SFG,baumami01
Mike Baumann,LAA,baumami01
Shane Baz,TBR,bazsh01
Eduard Bazardo,SEA,bazared01
David Bednar,PIT,bednada01
Tyler Beede,CLE,beedety01
Jalen Beeks*,TOT,beeksja02
Jalen Beeks*,COL,beeksja02
Jalen Beeks*,PIT,beeksja02
Clayton Beeter,NYY,beetecl01
Brayan Bello,BOS,bellobr01
Valente Bellozo,MIA,bellova01
Anthony Bender,MIA,bendean01
Brennan Bernardino*,BOS,bernabr01
José Berríos,TOR,berrijo01
Prelander Berroa,CHW,berropr01
Tanner Bibee,CLE,bibeeta01
Phil Bickford,NYY,bickfph01
Osvaldo Bido,OAK,bidoos01
Shane Bieber,CLE,biebesh01
Brandon Bielak,TOT,bielabr01
Brandon Bielak,HOU,bielabr01
Brandon Bielak,OAK,bielabr01
Hunter Bigge,TOT,biggehu01
Hunter Bigge,CHC,biggehu01
Hunter Bigge,TBR,biggehu01
Jake Bird,COL,birdja01
Hayden Birdsong,SFG,birdsha01
Spencer Bivens,SFG,bivensp01
Ty Blach*,COL,blachty01
Mason Black,SFG,blackma01
Paul Blackburn,TOT,blackpa01
Paul Blackburn,OAK,blackpa01
Paul Blackburn,NYM,blackpa01
Bradley Blalock,TOT,blalobr01
Bradley Blalock,MIL,blalobr01
Bradley Blalock,COL,blalobr01
Ronel Blanco,HOU,blancro01
Scott Blewett,MIN,blewesc01
Jake Bloss,HOU,blossja01
Cody Bolton,SEA,boltoco01
Cam Booser*,BOS,booseca01
Ryan Borucki*,PIT,borucry01
David Bote,CHC,boteda01
Caleb Boushley,MIN,boushca01
Jonathan Bowlan,KCR,bowlajo01
Matt Bowman,TOT,bowmama01
Matt Bowman,TOT,bowmama01
Matt Bowman,MIN,bowmama01
Matt Bowman,ARI,bowmama01
Matt Bowman,SEA,bowmama01
Matthew Boyd*,CLE,boydma01
Joe Boyle,OAK,boylejo01
Cody Bradford*,TEX,bradfco01
Kyle Bradish,BAL,bradiky01
Taj Bradley,TBR,bradlta01
Ryan Brasier,LAD,brasiry01
Huascar Brazobán,TOT,brazohu01
Huascar Brazobán,MIA,brazohu01
Huascar Brazobán,NYM,brazohu01
John Brebbia,CHW,brebbjo01
Colten Brewer,CHC,breweco01
Beau Brieske,DET,briesbe01
Jhony Brito,SDP,britojh01
Connor Brogdon,TOT,brogdco01
Connor Brogdon,PHI,brogdco01
Connor Brogdon,LAD,brogdco01
Aaron Brooks,OAK,brookaa01
Ben Brown,CHC,brownbe02
Hunter Brown,HOU,brownhu01
Justin Bruihl*,PIT,bruihju01
Kris Bubic*,KCR,bubickr01
Walker Buehler,LAD,buehlwa01
JB Bukauskas,MIL,bukaujb01
Aaron Bummer*,ATL,bummeaa01
Nick Burdi,NYY,burdini01
Raymond Burgos*,SFG,burgora01
Brock Burke*,TOT,burkebr01
Brock Burke*,TEX,burkebr01
Brock Burke*,LAA,burkebr01
Corbin Burnes,BAL,burneco01
Ryan Burr,TOR,burrry01
Ky Bush*,CHW,bushky01
José Buttó,NYM,buttojo01
Edward Cabrera,MIA,cabreed02
Génesis Cabrera*,TOR,cabrege01
Oswaldo Cabrera,NYY,cabreos01
Isaiah Campbell,BOS,campbis01
Griffin Canning,LAA,cannigr01
Jonathan Cannon,CHW,cannojo02
Yennier Cano,BAL,canoye01
Joey Cantillo*,CLE,cantijo01
Matt Carasiti,COL,carasma01
Carlos Carrasco,CLE,carraca01
Humberto Castellanos,ARI,castehu01
Diego Castillo,MIN,castidi01
Luis Castillo,SEA,castilu02
Miguel Castro,ARI,castrmi01
Willi Castro,MIN,castrwi01
Dylan Cease,SDP,ceasedy01
Slade Cecconi,ARI,ceccosl01
Andrew Chafin*,TOT,chafian01
Andrew Chafin*,DET,chafian01
Andrew Chafin*,TEX,chafian01
Aroldis Chapman*,PIT,chapmar01
JT Chargois,TOT,chargjt01
JT Chargois,MIA,chargjt01
JT Chargois,SEA,chargjt01
Jesse Chavez,ATL,chaveje01
Yonny Chirinos,MIA,chiriyo01
Angel Chivilli,COL,chivian01
Adam Cimber,LAA,cimbead01
José Cisnero,LAA,cisnejo01
Aaron Civale,TOT,civalaa01
Aaron Civale,TBR,civalaa01
Aaron Civale,MIL,civalaa01
Emmanuel Clase,CLE,claseem01
Garrett Cleavinger*,TBR,cleavga01
Ernie Clement,TOR,clemeer01
Mike Clevinger,CHW,clevimi01
Alex Cobb,CLE,cobbal01
Gerrit Cole,NYY,colege01
Dylan Coleman,HOU,colemdy01
Luis Contreras,HOU,contrlu01
Roansy Contreras,TOT,contrro01
Roansy Contreras,PIT,contrro01
Roansy Contreras,LAA,contrro01
Patrick Corbin*,WSN,corbipa01
Nestor Cortes*,NYY,cortene01
Tom Cosgrove*,SDP,cosgrto01
Danny Coulombe*,BAL,couloda01
Jake Cousins,NYY,cousija01
Brandon Crawford,STL,crawfbr01
Kutter Crawford,BOS,crawfku01
Nabil Crismatt,LAD,crismna01
Cooper Criswell,BOS,criswco01
Garrett Crochet*,CHW,crochga01
Declan Cronin,MIA,cronide01
Hans Crouse,LAA,crousha01
Fernando Cruz,CIN,cruzfe01
José Cuas,TOT,cuasjo01
José Cuas,CHC,cuasjo01
José Cuas,TOR,cuasjo01
Xzavion Curry,CLE,curryxz01
John Curtiss,COL,curtijo02
Davis Daniel,LAA,danieda01
Yu Darvish,SDP,darviyu01
Austin Davis*,SDP,davisau01
Noah Davis,COL,davisno01
Brett de Geus,TOT,degeubr01
Brett de Geus,SEA,degeubr01
Brett de Geus,MIA,degeubr01
Enyel De Los Santos,TOT,delosen01
Enyel De Los Santos,SDP,delosen01
Enyel De Los Santos,NYY,delosen01
Reid Detmers*,LAA,detmere01
Chris Devenski,TBR,devench02
Alexis Díaz,CIN,diazal03
Edwin Díaz,NYM,diazed04
Jhonathan Díaz*,SEA,diazjh01
Miguel Díaz,HOU,diazmi02
Yilber Diaz,ARI,diazyi01
Jake Diekman*,NYM,diekmja01
Randy Dobnak,MIN,dobnara01
Dylan Dodd*,ATL,dodddy01
Seranthony Domínguez,TOT,dominse01
Seranthony Domínguez,PHI,dominse01
Seranthony Domínguez,BAL,dominse01
Camilo Doval,SFG,dovalca01
Daniel Duarte,MIN,duartda01
Shawn Dubin,HOU,dubinsh01
Tyler Duffey,KCR,duffety01
Dane Dunning,TEX,dunnida01
Parker Dunshee,ATL,dunshpa01
Jhoan Durán,MIN,duranjh01
Carl Edwards Jr.,SDP,edwarca01
Zach Eflin,TOT,eflinza01
Zach Eflin,TBR,eflinza01
Zach Eflin,BAL,eflinza01
Brandon Eisert*,TOR,eiserbr01
Bryce Elder,ATL,elderbr01
Fraser Ellard*,CHW,ellarfr01
Kent Emanuel*,MIA,emanuke01
Mason Englert,DET,englema01
Nathan Eovaldi,TEX,eovalna01
Lucas Erceg,TOT,erceglu01
Lucas Erceg,OAK,erceglu01
Lucas Erceg,KCR,erceglu01
Paolo Espino,TOR,espinpa01
Joey Estes,OAK,estesjo01
Carlos Estévez,TOT,estevca01
Carlos Estévez,LAA,estevca01
Carlos Estévez,PHI,estevca01
Jeremiah Estrada,SDP,estraje01
Alex Faedo,DET,faedoal01
Pete Fairbanks,TBR,fairbpe01
Bailey Falter*,PIT,falteba01
Buck Farmer,CIN,farmebu01
Calvin Faucher,MIA,fauchca01
Erick Fedde,TOT,feddeer01
Erick Fedde,CHW,feddeer01
Erick Fedde,STL,feddeer01
Ryan Feltner,COL,feltnry01
Caleb Ferguson*,TOT,ferguca01
Caleb Ferguson*,NYY,ferguca01
Caleb Ferguson*,HOU,ferguca01
Tyler Ferguson,OAK,ferguty01
Ryan Fernandez,STL,fernary01
Jose A. Ferrer*,WSN,ferrejo01
David Festa,MIN,festada01
Matt Festa,TOT,festama01
Matt Festa,NYM,festama01
Matt Festa,TEX,festama01
J.P. Feyereisen,LAD,feyerjo01
Kyle Finnegan,WSN,finneky01
Tyler Fitzgerald,SFG,fitzgty01
Jack Flaherty,TOT,flaheja01
Jack Flaherty,DET,flaheja01
Jack Flaherty,LAD,flaheja01
Josh Fleming*,PIT,flemijo01
Chris Flexen,CHW,flexech01
Dylan Floro,TOT,florody01
Dylan Floro,WSN,florody01
Dylan Floro,ARI,florody01
Jason Foley,DET,foleyja01
Matt Foster,CHW,fostema01
J.P. France,HOU,francjp01
Bowden Francis,TOR,francbo01
Kyle Freeland*,COL,freelky01
Luis Frías,ARI,friaslu01
Max Fried*,ATL,friedma01
Carson Fulmer,LAA,fulmeca01
Kody Funderburk*,MIN,fundeko01
Hunter Gaddis,CLE,gaddihu01
Giovanny Gallegos,STL,gallegi01
Zac Gallen,ARI,galleza01
Gerson Garabito,TEX,garabge01
Deivi García,CHW,garcide01
Luis García,TOT,garcilu03
Luis García,LAA,garcilu03
Luis García,BOS,garcilu03
Robert Garcia*,WSN,garciro04
Yimi García,TOT,garciyi01
Yimi García,TOR,garciyi01
Yimi García,SEA,garciyi01
Amir Garrett*,LAA,garream01
Braxton Garrett*,MIA,garrebr01
Reed Garrett,NYM,garrere01
Robert Gasser*,MIL,gassero01
Kevin Gausman,TOR,gausmke01
Domingo Germán,PIT,germado01
Kyle Gibson,STL,gibsoky01
Luis Gil,NYY,gillu01
Logan Gilbert,SEA,gilbelo01
Lucas Gilbreath*,COL,gilbrlu01
Logan Gillaspie,SDP,gillalo01
Connor Gillispie,CLE,gillico01
Kevin Ginkel,ARI,ginkeke01
Tyler Glasnow,LAD,glasnty01
Austin Gomber*,COL,gombeau01
Yoendrys Gómez,NYY,gomezyo01
Marco Gonzales*,PIT,gonzama02
Victor González*,NYY,gonzavi02
Tanner Gordon,COL,gordota01
MacKenzie Gore*,WSN,gorema01
Anthony Gose*,CLE,gosean01
Gordon Graceffo,STL,gracego01
Brusdar Graterol,LAD,gratebr01
Jon Gray,TEX,grayjo02
Josiah Gray,WSN,grayjo03
Sonny Gray,STL,grayso01
Chad Green,TOR,greench03
Hunter Greene,CIN,greenhu01
Michael Grove,LAD,grovemi01
Sean Guenther*,DET,guentse01
Luis Guillorme,TOT,guilllu01
Luis Guillorme,ATL,guilllu01
Luis Guillorme,LAA,guilllu01
Vladimir Gutierrez,MIA,gutievl01
Josh Hader*,HOU,haderjo01
DL Hall*,MIL,halldl01
Ian Hamilton,NYY,hamilia01
Emerson Hancock,SEA,hancoem01
Brenan Hanifee,DET,hanifbr01
Hogan Harris*,OAK,harriho03
Kyle Harrison*,SFG,harriky01
Geoff Hartlieb,COL,hartlge01
Grant Hartwig,NYM,hartwgr01
Hunter Harvey,TOT,harvehu01
Hunter Harvey,WSN,harvehu01
Hunter Harvey,KCR,harvehu01
Andrew Heaney*,TEX,heanean01
Jonathan Heasley,BAL,heasljo01
Austin Hedges,CLE,hedgeau01
Ben Heller,PIT,hellebe01
Ryan Helsley,STL,helslry01
Kyle Hendricks,CHC,hendrky01
Blair Henley,HOU,henlebl01
Ronny Henriquez,MIN,henriro01
Tommy Henry*,ARI,henryto01
Sam Hentges*,CLE,hentgsa01
Jimmy Herget,ATL,hergeji01
Kevin Herget,MIL,hergeke01
Carlos Hernández,KCR,hernaca04
Daysbel Hernández,ATL,hernada03
Elieser Hernández,TOT,hernael01
Elieser Hernández,LAD,hernael01
Elieser Hernández,MIL,hernael01
Enrique Hernández,LAD,hernaen02
Jonathan Hernández,TOT,hernajo02
Jonathan Hernández,TEX,hernajo02
Jonathan Hernández,SEA,hernajo02
Jose Hernandez*,PIT,hernajo03
Nick Hernandez,HOU,hernani01
Tim Herrin*,CLE,herriti01
DJ Herz*,WSN,herzdj01
Aaron Hicks,LAA,hicksaa01
Jordan Hicks,SFG,hicksjo03
Tim Hill*,TOT,hillti01
Tim Hill*,CHW,hillti01
Tim Hill*,NYY,hillti01
Sean Hjelle,SFG,hjellse01
Porter Hodge,CHC,hodgepo01
Bryan Hoeing,TOT,hoeinbr01
Bryan Hoeing,MIA,hoeinbr01
Bryan Hoeing,SDP,hoeinbr01
Jeff Hoffman,PHI,hoffmje02
Colin Holderman,PIT,holdeco01
Grant Holman,OAK,holmagr01
Clay Holmes,NYY,holmecl01
Grant Holmes,ATL,holmegr01
Tyler Holton*,DET,holtoty01
Brent Honeywell Jr.,TOT,honeybr01
Brent Honeywell Jr.,PIT,honeybr01
Brent Honeywell Jr.,LAD,honeybr01
Bailey Horn*,BOS,hornba01
Tanner Houck,BOS,houckta01
Adrian Houser,NYM,housead01
Spencer Howard,TOT,howarsp01
Spencer Howard,SFG,howarsp01
Spencer Howard,CLE,howarsp01
Bryan Hudson*,MIL,hudsobr01
Dakota Hudson,COL,hudsoda02
Daniel Hudson,LAD,hudsoda01
Brandon Hughes*,ARI,hughebr01
Kyle Hurt,LAD,hurtky01
Brant Hurter*,DET,hurtebr01
Raisel Iglesias,ATL,iglesra01
Shota Imanaga*,CHC,imanash01
Cole Irvin*,BAL,irvinco01
Jake Irvin,WSN,irvinja01
Jay Jackson,MIN,jacksja01
Luke Jackson,TOT,jackslu01
Luke Jackson,SFG,jackslu01
Luke Jackson,ATL,jackslu01
Alek Jacob,SDP,jacobal01
Joe Jacques*,TOT,jacqujo01
Joe Jacques*,BOS,jacqujo01
Joe Jacques*,ARI,jacqujo01
Kenley Jansen,BOS,janseke01
Bryce Jarvis,ARI,jarvibr01
Cristian Javier,HOU,javiecr01
Griffin Jax,MIN,jaxgr01
Tyler Jay*,TOT,jayty01
Tyler Jay*,NYM,jayty01
Tyler Jay*,MIL,jayty01
Daulton Jefferies,TOT,jeffeda01
Daulton Jefferies,SFG,jeffeda01
Daulton Jefferies,PIT,jeffeda01
Dany Jiménez,OAK,jimenda01
Joe Jiménez,ATL,jimenjo02
Pierce Johnson,ATL,johnspi01
Jared Jones,PIT,jonesja09
Ben Joyce,LAA,joycebe01
Jakob Junis,TOT,junisja01
Jakob Junis,MIL,junisja01
Jakob Junis,CIN,junisja01
Janson Junk,MIL,junkja01
Tommy Kahnle,NYY,kahnlto01
Brad Keller,TOT,kellebr01
Brad Keller,CHW,kellebr01
Brad Keller,BOS,kellebr01
Mitch Keller,PIT,kellemi03
Joe Kelly,LAD,kellyjo05
Kevin Kelly,TBR,kellyke02
Merrill Kelly,ARI,kellyme01
Michael Kelly,OAK,kellymi03
Zack Kelly,BOS,kellyza01
Orion Kerkering,PHI,kerkeor01
Ray Kerr*,ATL,kerrra01
Clayton Kershaw*,LAD,kershcl01
Grae Kessinger,HOU,kessigr01
Dallas Keuchel*,MIL,keuchda01
Yusei Kikuchi*,TOT,kikucyu01
Yusei Kikuchi*,TOR,kikucyu01
Yusei Kikuchi*,HOU,kikucyu01
Craig Kimbrel,BAL,kimbrcr01
Isiah Kiner-Falefa,TOR,kineris01
Bryan King*,HOU,kingbr02
John King*,STL,kingjo01
Michael King,SDP,kingmi01
Tyler Kinley,COL,kinlety01
George Kirby,SEA,kirbyge01
Austin Kitchen*,MIA,kitchau01
Andrew Kittredge,STL,kittran01
Will Klein,TOT,kleinwi01
Will Klein,KCR,kleinwi01
Will Klein,OAK,kleinwi01
Adam Kloffenstein,STL,kloffad01
Landon Knack,LAD,knackla01
Andrew Knizner,TEX,kniznan01
Matt Koch,COL,kochma01
Jack Kochanowicz,LAA,kochaja01
Jared Koenig*,MIL,koenija01
Stephen Kolek,SDP,kolekst01
Michael Kopech,TOT,kopecmi01
Michael Kopech,CHW,kopecmi01
Michael Kopech,LAD,kopecmi01
Dean Kremer,BAL,kremede01
Zac Kristofak,LAA,kristza01
Matt Krook*,BAL,krookma01
Chad Kuhl,CHW,kuhlch01
Joel Kuhnel,TOT,kuhnejo01
Joel Kuhnel,HOU,kuhnejo01
Joel Kuhnel,TBR,kuhnejo01
Joe La Sorsa*,WSN,lasorjo01
Peter Lambert,COL,lambepe01
Dinelson Lamet,LAD,lametdi01
Alex Lange,DET,langeal01
Jacob Latz*,TEX,latzja01
Derek Law,WSN,lawde01
Justin Lawrence,COL,lawreju01
Max Lazar,PHI,lazarma01
Kyle Leahy,STL,leahyky01
Jordan Leasure,CHW,leasujo01
José Leclerc,TEX,leclejo01
Dylan Lee*,ATL,leedy01
Casey Legumina,CIN,legumca01
Jack Leiter,TEX,leiteja01
Mark Leiter Jr.,TOT,leitema02
Mark Leiter Jr.,CHC,leitema02
Mark Leiter Jr.,NYY,leitema02
Dominic Leone,CHW,leonedo01
Matthew Liberatore*,STL,liberma01
Zack Littell,TBR,litteza01
Brendon Little*,TOR,littlbr02
Luke Little*,CHC,littllu01
Ben Lively,CLE,livelbe01
Jonathan Loáisiga,NYY,loaisjo01
Nick Lodolo*,CIN,lodolni01
Nick Loftin,KCR,loftini01
Sam Long*,KCR,longsa01
Jacob Lopez*,TBR,lopezja04
Jorge López,TOT,lopezjo02
Jorge López,NYM,lopezjo02
Jorge López,CHC,lopezjo02
Pablo López,MIN,lopezpa01
Reynaldo López,ATL,lopezre01
Michael Lorenzen,TOT,lorenmi01
Michael Lorenzen,TEX,lorenmi01
Michael Lorenzen,KCR,lorenmi01
Ryan Loutos,STL,loutory01
Richard Lovelady*,TOT,lovelri01
Richard Lovelady*,CHC,lovelri01
Richard Lovelady*,TBR,lovelri01
Easton Lucas*,TOT,lucasea01
Easton Lucas*,OAK,lucasea01
Easton Lucas*,DET,lucasea01
Joey Lucchesi*,NYM,lucchjo01
Seth Lugo,KCR,lugose01
Jesús Luzardo*,MIA,luzarje01
Jordan Lyles,KCR,lylesjo01
Daniel Lynch IV*,KCR,lynchda02
Lance Lynn,STL,lynnla01
Josh Maciejewski*,NYY,maciejo01
Kenta Maeda,DET,maedake01
Tyler Mahle,TEX,mahlety01
Luke Maile,CIN,mailelu01
Anthony Maldonado,MIA,maldoan01
Sean Manaea*,NYM,manaese01
Matt Manning,DET,mannima02
Alek Manoah,TOR,manoaal01
Joe Mantiply*,ARI,mantijo01
Ron Marinaccio,NYY,marinro01
Germán Márquez,COL,marquge01
Alec Marsh,KCR,marshal01
José Marte,LAA,martejo01
Yunior Marte,PHI,marteyu01
Chris Martin,BOS,martich02
Davis Martin,CHW,martida03
Justin Martinez,ARI,martiju01
Nick Martinez,CIN,martini01
Seth Martinez,HOU,martise01
Phil Maton,TOT,matonph01
Phil Maton,TBR,matonph01
Phil Maton,NYM,matonph01
Yuki Matsui*,SDP,matsuyu01
Zebby Matthews,MIN,matthze01
Steven Matz*,STL,matzst01
Tyler Matzek*,ATL,matzety01
Tim Mayza*,TOT,mayzati01
Tim Mayza*,TOR,mayzati01
Tim Mayza*,NYY,mayzati01
Adam Mazur,SDP,mazurad01
James McArthur,KCR,mcartja01
James McCann,BAL,mccanja02
Darren McCaughan,TOT,mccauda01
Darren McCaughan,MIA,mccauda01
Darren McCaughan,CLE,mccauda01
Chayce McDermott,BAL,mcderch01
T.J. McFarland*,OAK,mcfartj01
Scott McGough,ARI,mcgousc01
Michael McGreevy,STL,mcgremi01
Triston McKenzie,CLE,mckentr01
Zach McKinstry,DET,mckinza01
John McMillon,MIA,mcmiljo01
John Means*,BAL,meansjo01
Nick Mears,TOT,mearsni01
Nick Mears,COL,mearsni01
Nick Mears,MIL,mearsni01
Luis Medina,OAK,medinlu02
James Meeker,MIL,meekeja01
Trevor Megill,MIL,megiltr01
Tylor Megill,NYM,megilty01
Cristian Mena,ARI,menacr01
Danny Mendick,CHW,mendida01
Michael Mercado,PHI,mercami01
Julian Merryweather,CHC,merryju01
Matt Mervis,CHC,mervima01
Max Meyer,MIA,meyerma01
Miles Mikolas,STL,mikolmi01
Wade Miley*,MIL,mileywa01
Bobby Miller,LAD,millebo06
Bryce Miller,SEA,millebr04
Erik Miller*,SFG,milleer01
Mason Miller,OAK,millema03
Owen Miller,MIL,milleow01
Shelby Miller,DET,millesh01
Tyson Miller,TOT,millety01
Tyson Miller,SEA,millety01
Tyson Miller,CHC,millety01
Hoby Milner*,MIL,milneho01
A.J. Minter*,ATL,minteaj01
Anthony Misiewicz*,NYY,misiean01
Casey Mize,DET,mizeca01
Carmen Mlodzinski,PIT,mlodzca01
Anthony Molina,COL,molinan01
Sam Moll*,CIN,mollsa01
Frankie Montas,TOT,montafr02
Frankie Montas,CIN,montafr02
Frankie Montas,MIL,montafr02
Keider Montero,DET,monteke01
Rafael Montero,HOU,montera01
Jordan Montgomery*,ARI,montgjo01
Matt Moore*,LAA,moorema02
Adrián Morejón*,SDP,morejad01
Eli Morgan,CLE,morgael01
Charlie Morton,ATL,mortoch02
Kyle Muller*,OAK,mulleky01
Andrés Muñoz,SEA,munozan01
Roddery Muñoz,MIA,munozro01
Joe Musgrove,SDP,musgrjo01
Parker Mushinski*,HOU,mushipa01
Tobias Myers,MIL,myersto01
Tommy Nance,TOR,nanceto01
Andrew Nardi*,MIA,nardian01
Nick Nastrini,CHW,nastrni01
Kyle Nelson*,ARI,nelsoky01
Nick Nelson,PHI,nelsoni01
Ryne Nelson,ARI,nelsory01
Héctor Neris,CHC,nerishe01
Sean Newcomb*,OAK,newcose01
Kyle Nicolas,PIT,nicolky01
Vinny Nittoli,TOT,nittovi01
Vinny Nittoli,OAK,nittovi01
Vinny Nittoli,BAL,nittovi01
Aaron Nola,PHI,nolaaa01
Dedniel Núñez,NYM,nunezde01
Riley O'Brien,STL,obrieri01
Jack O'Loughlin*,OAK,olougja01
Bailey Ober,MIN,oberba01
Steven Okert*,MIN,okertst01
Reese Olson,DET,olsonre01
Kaleb Ort,HOU,ortka01
Luis Ortiz,PHI,ortizlu02
Luis Ortiz,PIT,ortizlu03
Eric Orze,NYM,orzeer01
Michel Otañez,OAK,otanemi01
Adam Ottavino,NYM,ottavad01
Chris Paddack,MIN,paddach01
Emilio Pagán,CIN,paganem01
Daniel Palencia,CHC,palenda01
Andre Pallante,STL,pallaan01
Enoli Paredes,MIL,pareden01
Mitchell Parker*,WSN,parkemi01
Wes Parsons,TOT,parsowe01
Wes Parsons,TOR,parsowe01
Wes Parsons,CLE,parsowe01
James Paxton*,TOT,paxtoja01
James Paxton*,LAD,paxtoja01
James Paxton*,BOS,paxtoja01
Joel Payamps,MIL,payamjo01
Nate Pearson,TOT,pearsna01
Nate Pearson,TOR,pearsna01
Nate Pearson,CHC,pearsna01
Elvis Peguero,MIL,pegueel01
Walter Pennington*,TOT,penniwa01
Walter Pennington*,KCR,penniwa01
Walter Pennington*,TEX,penniwa01
Ryan Pepiot,TBR,pepiory01
Freddy Peralta,MIL,peralfr01
Sammy Peralta*,CHW,peralsa01
Wandy Peralta*,SDP,peralwa01
Cionel Pérez*,BAL,perezci01
Martín Pérez*,TOT,perezma02
Martín Pérez*,PIT,perezma02
Martín Pérez*,SDP,perezma02
Michael Petersen,LAD,petermi01
David Peterson*,NYM,peterda01
Brandon Pfaadt,ARI,pfaadbr01
Evan Phillips,LAD,phillev01
Tyler Phillips,PHI,phillty01
Riley Pint,COL,pintri01
Ricardo Pinto,PHI,pintori01
Nick Pivetta,BOS,pivetni01
Zach Plesac,LAA,plesaza01
Colin Poche*,TBR,pocheco01
Zach Pop,TOR,popza01
Cody Poteet,NYY,poteeco01
Cade Povich*,BAL,povicca01
Nick Pratto*,KCR,prattni01
Ryan Pressly,HOU,pressry01
Quinn Priester,PIT,priesqu01
Austin Pruitt,TEX,pruitau01
A.J. Puk*,TOT,pukaj01
A.J. Puk*,MIA,pukaj01
A.J. Puk*,ARI,pukaj01
Cal Quantrill,COL,quantca01
José Quijada*,LAA,quijajo01
Jose Quintana*,NYM,quintjo01
Cole Ragans*,KCR,raganco01
Tanner Rainey,WSN,raineta01
Brooks Raley*,NYM,raleybr01
Emmanuel Ramirez,MIA,ramirem01
Erasmo Ramírez,TBR,ramirer02
Nick Ramirez*,LAD,ramirni01
Yohan Ramírez,TOT,ramiryo01
Yohan Ramírez,TOT,ramiryo01
Yohan Ramírez,TOT,ramiryo01
Yohan Ramírez,NYM,ramiryo01
Yohan Ramírez,BAL,ramiryo01
Yohan Ramírez,LAD,ramiryo01
Yohan Ramírez,BOS,ramiryo01
Drew Rasmussen,TBR,rasmudr01
Robbie Ray*,SFG,rayro02
Colin Rea,MIL,reaco01
Sean Reid-Foley,NYM,reidfse01
Gerardo Reyes,OAK,reyesge01
Pablo Reyes,BOS,reyespa01
Sean Reynolds,SDP,reynose01
Orlando Ribalta,WSN,ribalor01
Trevor Richards,TOT,richatr01
Trevor Richards,TOR,richatr01
Trevor Richards,MIN,richatr01
Lyon Richardson,CIN,richaly01
Leo Rivas,SEA,rivasle01
Emmanuel Rivera,MIA,riverem01
Daniel Robert,TEX,roberda11
Ethan Roberts,CHC,roberet01
David Robertson,TEX,roberda08
Nick Robertson,STL,roberni01
Carlos Rodón*,NYY,rodonca01
Carlos Rodriguez,MIL,rodrica02
Eduardo Rodríguez*,ARI,rodried05
Grayson Rodriguez,BAL,rodrigr01
Joely Rodríguez*,BOS,rodrijo06
Manuel Rodríguez,TBR,rodrima01
Randy Rodríguez,SFG,rodrira02
Yariel Rodríguez,TOR,rodriya01
Yerry Rodríguez,TOT,rodriye01
Yerry Rodríguez,TEX,rodriye01
Yerry Rodríguez,TOR,rodriye01
Josh Rogers*,COL,rogerjo01
Taylor Rogers*,SFG,rogerta01
Trevor Rogers*,TOT,rogertr01
Trevor Rogers*,MIA,rogertr01
Trevor Rogers*,BAL,rogertr01
Tyler Rogers,SFG,rogerty01
Josh Rojas,SEA,rojasjo01
Jordan Romano,TOR,romanjo03
JoJo Romero*,STL,romerjo01
Ben Rortvedt,TBR,rortvbe01
Kenny Rosenberg*,LAA,rosenke01
Joe Ross,MIL,rossjo01
Landen Roupp,SFG,rouppla01
Chris Roycroft,STL,roycrch01
José Ruiz,PHI,ruizjo01
Jackson Rutledge,WSN,rutleja01
Joe Ryan,MIN,ryanjo04
River Ryan,LAD,ryanri01
Ryder Ryan,PIT,ryanry01
Andrew Saalfrank*,ARI,saalfan01
Eduardo Salazar,TOT,salazed01
Eduardo Salazar,LAD,salazed01
Eduardo Salazar,WSN,salazed01
Chris Sale*,ATL,salech01
Bryan Sammons*,DET,sammobr01
Cristopher Sánchez*,PHI,sanchcr01
Sixto Sánchez,MIA,sanchsi01
Nick Sandlin,CLE,sandlni01
Patrick Sandoval*,LAA,sandopa02
Cole Sands,MIN,sandsco01
Miguel Sanó,LAA,sanomi01
Dennis Santana,TOT,santade01
Dennis Santana,NYY,santade01
Dennis Santana,PIT,santade01
Tony Santillan,CIN,santito01
Gregory Santos,SEA,santogr01
Tayler Saucedo*,SEA,sauceta01
Matt Sauer,KCR,sauerma01
Josh Sborz,TEX,sborzjo01
Max Scherzer,TEX,scherma01
Clarke Schmidt,NYY,schmicl01
John Schreiber,KCR,schrejo01
Spencer Schwellenbach,ATL,schwesp01
Christian Scott,NYM,scottch01
Tanner Scott*,TOT,scottta01
Tanner Scott*,MIA,scottta01
Tanner Scott*,SDP,scottta01
Tayler Scott,HOU,scottta02
JP Sears*,OAK,searsjp01
Colin Selby,KCR,selbyco01
Kodai Senga,NYM,sengako01
Luis Severino,NYM,severlu01
Paul Sewald,ARI,sewalpa01
Bryan Shaw,CHW,shawbr01
Chasen Shreve*,COL,shrevch01
Chase Shugart,BOS,shugach01
Jared Shuster*,CHW,shustja01
Chase Silseth,LAA,silsech01
Lucas Sims,TOT,simslu01
Lucas Sims,CIN,simslu01
Lucas Sims,BOS,simslu01
Brady Singer,KCR,singebr01
Paul Skenes,PIT,skenepa01
Tarik Skubal*,DET,skubata01
Justin Slaten,BOS,slateju01
Burch Smith,TOT,smithbu03
Burch Smith,MIA,smithbu03
Burch Smith,BAL,smithbu03
Cade Smith,CLE,smithca06
Dominic Smith*,BOS,smithdo02
Drew Smith,NYM,smithdr01
Pavin Smith*,ARI,smithpa04
Will Smith*,KCR,smithwi04
AJ Smith-Shawver,ATL,smithaj01
Drew Smyly*,CHC,smylydr01
Kirby Snead*,SEA,sneadki01
Blake Snell*,SFG,snellbl01
Collin Snider,SEA,snideco01
George Soriano,MIA,soriage01
José Soriano,LAA,soriajo02
Michael Soroka,CHW,sorokmi01
Gregory Soto*,TOT,sotogr01
Gregory Soto*,PHI,sotogr01
Gregory Soto*,BAL,sotogr01
Alex Speas,HOU,speasal01
Gabe Speier*,SEA,speiega01
Mitch Spence,OAK,spencmi01
Carson Spiers,CIN,spierca01
Jeffrey Springs*,TBR,sprinje01
Ryne Stanek,TOT,stanery01
Ryne Stanek,SEA,stanery01
Ryne Stanek,NYM,stanery01
Josh Staumont,MIN,staumjo01
Justin Steele*,CHC,steelju01
Jackson Stephens,ATL,stephja01
Justin Sterner,TBR,sternju01
Brock Stewart,MIN,stewabr01
Gavin Stone,LAD,stonega01
Matt Strahm*,PHI,strahma01
Chris Stratton,KCR,stratch01
Hunter Stratton,PIT,strathu01
Hunter Strickland,LAA,strichu01
Spencer Strider,ATL,stridsp01
Ross Stripling,OAK,stripro01
Marcus Stroman,NYY,stromma01
Peter Strzelecki,CLE,strzepe01
Garrett Stubbs,PHI,stubbga01
Albert Suárez,BAL,suareal01
José Suarez*,LAA,suarejo01
Ranger Suárez*,PHI,suarera01
Robert Suarez,SDP,suarero01
Wander Suero,HOU,suerowa01
Cole Sulser,TOT,sulseco01
Cole Sulser,NYM,sulseco01
Cole Sulser,TBR,sulseco01
Brent Suter*,CIN,suterbr01
Erik Swanson,TOR,swanser01
Jameson Taillon,CHC,taillja01
Dillon Tate,BAL,tatedi01
Troy Taylor,SEA,taylotr01
Julio Teheran,NYM,teherju01
Kai-Wei Teng,SFG,tengka01
Caleb Thielbar*,MIN,thielca01
Keegan Thompson,CHC,thompke02
Ryan Thompson,ARI,thompry02
Zack Thompson*,STL,thompza02
Trent Thornton,SEA,thorntr01
Drew Thorpe,CHW,thorpdr01
Jesús Tinoco,TOT,tinocje01
Jesús Tinoco,TOT,tinocje01
Jesús Tinoco,TEX,tinocje01
Jesús Tinoco,CHC,tinocje01
Jesús Tinoco,MIA,tinocje01
Michael Tonkin,TOT,tonkimi01
Michael Tonkin,TOT,tonkimi01
Michael Tonkin,NYM,tonkimi01
Michael Tonkin,MIN,tonkimi01
Michael Tonkin,NYY,tonkimi01
Luis Torrens,NYM,torrelu01
Touki Toussaint,CHW,toussto01
Blake Treinen,LAD,treinbl01
Jose Trevino,NYY,trevijo01
Cole Tucker,LAA,tuckeco01
Spencer Turnbull,PHI,turnbsp01
Kyle Tyler,MIA,tylerky01
Edwin Uceta,TBR,ucetaed01
José Ureña,TEX,urenajo01
Abner Uribe,MIL,uribeab01
Naoyuki Uwasawa,BOS,uwasana01
Framber Valdez*,HOU,valdefr01
Ricky Vanasco,LAD,vanasri01
Ildemaro Vargas,WSN,vargail01
Gus Varland,TOT,varlagu01
Gus Varland,LAD,varlagu01
Gus Varland,CHW,varlagu01
Louie Varland,MIN,varlalo01
Randy Vásquez,SDP,vasqura02
Anthony Veneziano*,KCR,venezan01
Justin Verlander,HOU,verlaju01
Alex Vesia*,LAD,vesiaal01
Nick Vespi*,BAL,vespini01
Will Vest,DET,vestwi01
Thyago Vieira,TOT,vieirth01
Thyago Vieira,TOT,vieirth01
Thyago Vieira,MIL,vieirth01
Thyago Vieira,BAL,vieirth01
Thyago Vieira,ARI,vieirth01
Eli Villalobos,MIA,villael02
Darius Vines,ATL,vinesda01
Victor Vodnik,COL,vodnivi01
Austin Voth,SEA,vothau01
Michael Wacha,KCR,wachami01
Jacob Waguespack,TBR,wagueja01
Hurston Waldrep,ATL,waldrhu01
Matt Waldron,SDP,waldrma01
Josh Walker*,NYM,walkejo03
Ryan Walker,SFG,walkery01
Taijuan Walker,PHI,walketa01
Matt Wallner,MIN,wallnma01
Blake Walston*,ARI,walstbl01
Andrew Wantz,LAA,wantzan01
Will Warren,NYY,warrewi01
Ryan Weathers*,MIA,weathry01
Luke Weaver,NYY,weavelu01
Jacob Webb,BAL,webbja01
Logan Webb,SFG,webblo01
Jordan Weems,WSN,weemsjo01
Greg Weissert,BOS,weissgr01
Tyler Wells,BAL,wellsty01
Joey Wentz*,DET,wentzjo01
Hayden Wesneski,CHC,wesneha01
Zack Wheeler,PHI,wheelza01
Mitch White,TOT,whitemi03
Mitch White,TOT,whitemi03
Mitch White,TOR,whitemi03
Mitch White,SFG,whitemi03
Mitch White,MIL,whitemi03
Owen White,TEX,whiteow01
Forrest Whitley,HOU,whitlfo01
Garrett Whitlock,BOS,whitlga01
Jordan Wicks*,CHC,wicksjo01
Devin Williams,MIL,willide03
Gavin Williams,CLE,williga01
Luke Williams,ATL,willilu01
Trevor Williams,WSN,willitr01
Amos Willingham,WSN,william01
Bryse Wilson,MIL,wilsobr02
Justin Wilson*,CIN,wilsoju10
Steven Wilson,CHW,wilsost02
Allan Winans,ATL,winanal01
Josh Winckowski,BOS,winckjo01
Josh Winder,MIN,windejo01
Trey Wingenter,BOS,wingetr01
Cole Winn,TEX,winnco01
Keaton Winn,SFG,winnke01
Patrick Wisdom,CHC,wisdopa01
Bryan Woo,SEA,woobr01
Alex Wood*,OAK,woodal02
Jake Woodford,TOT,woodfja01
Jake Woodford,CHW,woodfja01
Jake Woodford,PIT,woodfja01
Simeon Woods Richardson,MIN,woodssi01
Justin Wrobleski*,LAD,wroblju01
Yoshinobu Yamamoto,LAD,yamamyo01
Ryan Yarbrough*,TOT,yarbrry01
Ryan Yarbrough*,LAD,yarbrry01
Ryan Yarbrough*,TOR,yarbrry01
Mike Yastrzemski*,SFG,yastrmi01
Kirby Yates,TEX,yateski01
Alex Young*,TOT,youngal01
Alex Young*,CIN,youngal01
Alex Young*,NYM,youngal01
Danny Young*,NYM,youngda02
Rob Zastryzny*,MIL,zastrro01
Angel Zerpa*,KCR,zerpaan01
Tyler Zuber,TBR,zuberty01
Yosver Zulueta,CIN,zulueyo01
Guillo Zuñiga,LAA,zuniggu01